{
    "spawnClusters": [
        {
            "Sg": [
                {
                    "Sp": [
                        {
                            "spId": 1,
                            "sgId": 0,
                            "spawnPoint": {
                                "x": 4.394676208496094,
                                "y": -8.452587127685547,
                                "z": 0.5745518207550049
                            },
                            "radius": 0,
                            "isRandom": false
                        },
                        {
                            "spId": 2,
                            "sgId": 0,
                            "spawnPoint": {
                                "x": 1.9184651374816895,
                                "y": -8.452587127685547,
                                "z": 0.2540243864059448
                            },
                            "radius": 0,
                            "isRandom": false
                        },
                        {
                            "spId": 3,
                            "sgId": 0,
                            "spawnPoint": {
                                "x": 2.9600000381469728,
                                "y": -8.452587127685547,
                                "z": 2.1630074977874758
                            },
                            "radius": 0,
                            "isRandom": false
                        }
                    ],
                    "sgId": 0,
                    "scId": 1020,
                    "monsterType": "Cube",
                    "maxCount": 0
                }
            ],
            "scId": 1020,
            "explanation": "Test"
        },
        {
            "Sg": [],
            "scId": 2020,
            "explanation": "Test2"
        }
    ]
}